year,month,RB5.ChlA,RB5.Cond,RB5.DO,RB5.NH4,RB5.NO2,RB5.NO3,RB5.pH,RB5.PP,RB5.PSiO2,RB5.SD,RB5.SRP,RB5.SRSi,RB5.SURP,RB5.Temp,RB5.TON,RB5.TP,RB5.TSi,RB5.TSP,YearMonth
1988,1,49.2,NA,NA,NA,NA,NA,NA,34.95,NA,1.95,17.45,5.05,10.05,3.7,NA,62.45,NA,27.5,1988-01-01
1988,2,83,NA,NA,NA,NA,2.03,NA,25.9,NA,1.2,3.05,3.6500000000000004,7.449999999999999,3.2,NA,36.4,NA,10.5,1988-02-01
1988,3,36.9,NA,NA,NA,NA,NA,NA,49.3,NA,0.95,7.8,0,7.1,4,NA,64.2,NA,14.9,1988-03-01
1988,4,30.75,NA,NA,NA,NA,1.21,NA,42.45,NA,NA,4.05,0.1,10.3,7,NA,56.8,NA,14.35,1988-04-01
1988,5,3.4,NA,NA,NA,NA,NA,NA,10.1,NA,3.5,7.6,0.9,11.2,12.8,NA,28.9,NA,18.8,1988-05-01
1988,6,16.275,NA,NA,NA,NA,0.05,8.35,21.825,NA,2.475,3.5,3.325,17.625,17.833333333333332,NA,42.95,NA,21.125,1988-06-01
1988,7,21.1,NA,NA,NA,NA,0.07666666666666667,NA,31.1,NA,1.6833333333333333,23.166666666666668,6.6,15.6,16.666666666666668,NA,69.86666666666666,NA,38.766666666666666,1988-07-01
1988,8,52.233333333333334,NA,NA,NA,NA,0.043333333333333335,NA,54.86666666666667,NA,1.25,13.233333333333334,0.26666666666666666,17.166666666666664,16.583333333333332,NA,85.26666666666667,NA,30.400000000000002,1988-08-01
1988,9,14.2,NA,NA,NA,NA,0.23,NA,31.8,NA,2.3,40.7,2.4,7.5,14,NA,80,NA,48.2,1988-09-01
1988,10,22.8,NA,NA,NA,NA,0.37,NA,32.8,NA,2.01,21.6,5.5,14.5,9.1,NA,68.9,NA,36.1,1988-10-01
1988,11,NA,NA,NA,NA,NA,NA,NA,NA,NA,NA,NA,NA,NA,NA,NA,NA,NA,NA,1988-11-01
1988,12,NA,NA,NA,NA,NA,NA,NA,NA,NA,NA,NA,NA,NA,NA,NA,NA,NA,NA,1988-12-01
1989,1,NA,NA,NA,NA,NA,NA,NA,NA,NA,NA,NA,NA,NA,NA,NA,NA,NA,NA,1989-01-01
1989,2,NA,NA,NA,NA,NA,NA,NA,NA,NA,1.185,NA,NA,NA,7.2,NA,NA,NA,NA,1989-02-01
1989,3,49.474999999999994,NA,NA,NA,NA,1.8666666666666667,NA,42.325,NA,1.0775000000000001,2.475,NA,NA,6.1,NA,54.5,NA,12.175,1989-03-01
1989,4,42.2,NA,NA,NA,NA,1.89,NA,30.4,NA,1.24,2.1,NA,NA,7,NA,41.9,NA,11.5,1989-04-01
1989,5,20.9,NA,NA,NA,NA,0.74,7.66,29.9,NA,1.5366666666666666,1.71,NA,NA,14.433333333333334,NA,41,NA,11.1,1989-05-01
1989,6,23.3,NA,NA,NA,NA,0.615,8.43,29.599999999999998,NA,1.6766666666666665,2.8666666666666667,NA,NA,16.9,NA,45.333333333333336,NA,15.733333333333333,1989-06-01
1989,7,34.5,NA,NA,NA,NA,0.17,9.1425,49.675,NA,1.1566666666666667,25.825,NA,NA,18.275,NA,72.16666666666667,NA,23.666666666666668,1989-07-01
1989,8,76.5,NA,NA,NA,NA,0.01,9.2,115.1,NA,1,56.2,NA,NA,15,NA,NA,NA,NA,1989-08-01
1989,9,59.4,NA,NA,NA,NA,NA,8.5,74.9,NA,1.02,42.2,NA,NA,13.9,NA,NA,NA,NA,1989-09-01
1989,10,25,NA,NA,NA,NA,0.12,NA,36.3,NA,1.61,18.1,NA,NA,10.3,NA,NA,NA,NA,1989-10-01
1989,11,NA,NA,NA,NA,NA,NA,NA,NA,NA,NA,NA,NA,NA,NA,NA,NA,NA,NA,1989-11-01
1989,12,NA,NA,NA,NA,NA,NA,NA,NA,NA,NA,NA,NA,NA,NA,NA,NA,NA,NA,1989-12-01
1990,1,NA,NA,NA,NA,NA,NA,NA,NA,NA,1,NA,NA,NA,3,NA,NA,NA,NA,1990-01-01
1990,2,NA,NA,NA,NA,NA,NA,NA,NA,NA,NA,NA,NA,NA,NA,NA,NA,NA,NA,1990-02-01
1990,3,NA,NA,NA,NA,NA,NA,NA,NA,NA,1.05,NA,NA,NA,6.15,NA,NA,NA,NA,1990-03-01
1990,4,NA,NA,NA,NA,NA,NA,NA,NA,NA,1.3900000000000001,NA,NA,NA,8.24,NA,NA,NA,NA,1990-04-01
1990,5,NA,NA,NA,NA,NA,NA,NA,NA,NA,2.84,NA,NA,NA,13.58,NA,NA,NA,NA,1990-05-01
1990,6,NA,NA,NA,NA,NA,NA,NA,NA,NA,1.6,NA,NA,NA,15.5,NA,NA,NA,NA,1990-06-01
1990,7,NA,NA,NA,NA,NA,NA,NA,NA,NA,1.24,NA,NA,NA,17.108333333333334,NA,NA,NA,NA,1990-07-01
1990,8,NA,NA,NA,NA,NA,NA,NA,NA,NA,1.2,NA,NA,NA,17,NA,NA,NA,NA,1990-08-01
1990,9,NA,NA,NA,NA,NA,NA,NA,NA,NA,1.7,NA,NA,NA,14.1,NA,NA,NA,NA,1990-09-01
1990,10,NA,NA,NA,NA,NA,NA,NA,NA,NA,NA,NA,NA,NA,NA,NA,NA,NA,NA,1990-10-01
1990,11,NA,NA,NA,NA,NA,NA,NA,NA,NA,NA,NA,NA,NA,NA,NA,NA,NA,NA,1990-11-01
1990,12,NA,NA,NA,NA,NA,NA,NA,NA,NA,NA,NA,NA,NA,NA,NA,NA,NA,NA,1990-12-01
1991,3,NA,NA,NA,NA,NA,NA,NA,NA,NA,NA,NA,NA,NA,NA,NA,NA,NA,NA,1991-03-01
1991,4,NA,NA,NA,NA,NA,NA,NA,NA,NA,NA,NA,NA,NA,NA,NA,NA,NA,NA,1991-04-01
1991,5,NA,NA,NA,NA,NA,NA,NA,NA,NA,NA,NA,NA,NA,NA,NA,NA,NA,NA,1991-05-01
1991,6,NA,NA,NA,NA,NA,NA,NA,NA,NA,NA,NA,NA,NA,NA,NA,NA,NA,NA,1991-06-01
1991,7,30,NA,NA,NA,0.015,0.015,NA,18.25,NA,NA,62.55,3.2800000000000002,46.45,NA,0.03,127.25,NA,109,1991-07-01
1991,8,44.4,NA,NA,NA,0,0,NA,68.6,NA,NA,31.8,1.63,23.3,NA,0,123.7,NA,55.1,1991-08-01
1991,9,22.1,NA,NA,NA,0.01,0.01,NA,25.8,NA,NA,73.8,4.02,33.8,NA,0.02,133.4,NA,107.6,1991-09-01
1991,10,NA,NA,NA,NA,NA,NA,NA,NA,NA,NA,NA,NA,NA,NA,NA,NA,NA,NA,1991-10-01
1991,11,NA,NA,NA,NA,NA,NA,NA,NA,NA,NA,NA,NA,NA,NA,NA,NA,NA,NA,1991-11-01
1992,1,NA,NA,NA,NA,NA,NA,NA,NA,NA,NA,NA,NA,NA,NA,NA,NA,NA,NA,1992-01-01
1992,2,NA,NA,NA,NA,NA,NA,NA,NA,NA,NA,NA,NA,NA,NA,NA,NA,NA,NA,1992-02-01
1992,3,NA,NA,NA,NA,NA,NA,NA,NA,NA,NA,NA,NA,NA,NA,NA,NA,NA,NA,1992-03-01
1992,4,34.8,NA,NA,NA,NA,0.35,NA,33.3,NA,NA,10.4,0.36,11.2,8.5,NA,54.9,NA,21.6,1992-04-01
1992,5,47.4,NA,NA,NA,NA,0.155,NA,37.95,NA,0.75,4.4,0.48,12,11.25,NA,54.349999999999994,NA,16.4,1992-05-01
1992,6,93.5,NA,NA,NA,NA,0.1,NA,68.2,NA,NA,5.3,2.89,17.6,17.4,NA,91.1,NA,22.9,1992-06-01
1992,7,52.12,NA,NA,NA,NA,0.1125,NA,67.9,NA,1.342,60.919999999999995,6.644,27.05,16.12,NA,153.29,NA,87.97,1992-07-01
1992,8,58.65,NA,NA,NA,NA,0.0125,NA,61.75,NA,1.205,33.425,10.26,19.4,14.5,NA,128.5125,NA,52.825,1992-08-01
1992,9,64.85,NA,NA,NA,NA,0.04,NA,55.82,NA,0.892,14.44,6.866,20.1,11.84,NA,88.88,NA,34.54,1992-09-01
1992,10,11.725,NA,NA,NA,NA,0.07666666666666667,NA,9.666666666666666,NA,2.8025,25.333333333333336,4.8125,13.5,8,NA,48.825,NA,38.833333333333336,1992-10-01
1992,11,22.7,NA,NA,NA,NA,NA,NA,NA,NA,2,NA,5.74,NA,4.55,NA,53,NA,NA,1992-11-01
1992,12,17.033333333333335,NA,NA,NA,NA,NA,NA,18.633333333333333,NA,1.62,16.6,6.92,13.733333333333334,3.325,NA,48.96666666666667,NA,30.333333333333332,1992-12-01
1993,1,15.2,NA,82.75,NA,NA,NA,7.81,28.4,NA,0.87,23.25,6.48,15.3,3.05,NA,66.95,NA,38.55,1993-01-01
1993,2,28.3625,229.25,100.325,NA,NA,NA,7.9825,28.5375,NA,1.2875,9.825,4.8,8.275,4.75,NA,46.6375,NA,18.1,1993-02-01
1993,3,23.65,244,114.85,NA,NA,NA,8.82,18.45,NA,1.69,3.05,0.12,7.1,4,NA,28.6,NA,10.15,1993-03-01
1993,4,28.9,243.4,104.8,NA,NA,NA,7.508,32.21,NA,1.322,1.15,0.492,5.85,8,NA,39.21,NA,7,1993-04-01
1993,5,13.8125,245.625,104.6625,NA,NA,NA,7.52,17.8375,1.15,2.1075,2.15,1.1775,10.5625,11.1125,NA,30.55,2.53,12.7125,1993-05-01
1993,6,12.3625,242.125,104.275,NA,NA,NA,7.94,14.6,0.9366666666666666,2.5975,2.2125,1.605,13.0125,13.725,NA,29.825,2.5566666666666666,15.225,1993-06-01
1993,7,28.28,249.2,104.62,NA,NA,NA,8.39,26.84,1.468,1.688,1.81,0.906,12.6,15.53,NA,41.25,2.374,14.41,1993-07-01
1993,8,62.75,242.875,95.4125,NA,NA,NA,8.809999999999999,65.1125,1.9625,1.0375,6.7625,1.5475,14.6375,14.4375,NA,86.5125,3.51,21.400000000000002,1993-08-01
1993,9,70.4,250.5,98.425,NA,NA,NA,8.4,69.65,2.392,1.1,36.525,2.0060000000000002,15.8,12.93,NA,121.975,4.398,52.325,1993-09-01
1993,10,102.2,236,104,NA,NA,NA,7.664999999999999,70.69999999999999,3.29,0.98,6.7,1.135,15.649999999999999,8.5,NA,93.05,4.425,22.35,1993-10-01
1993,11,63.95,245,94.7,NA,NA,NA,7.6,43,2.565,1.37,4.175,0.905,12.475,5.5,NA,59.65,3.4699999999999998,16.65,1993-11-01
1993,12,56.35,237,103.7,NA,NA,NA,7.359999999999999,56.4,3.58,1.025,4.5,2.01,12.8,2,NA,73.7,5.5,17.3,1993-12-01
1994,1,32.5,252,93,NA,NA,NA,7.22,55.2,2.14,1.3,58.5,3.41,9.4,1.8,NA,123.1,5.55,67.9,1994-01-01
1994,2,52.4,NA,NA,NA,NA,NA,NA,114.4,5.79,NA,19.2,3.78,3.4,NA,NA,137,9.57,22.6,1994-02-01
1994,3,NA,NA,NA,NA,NA,NA,NA,NA,NA,NA,NA,NA,NA,NA,NA,NA,NA,NA,1994-03-01
1994,4,71.89999999999999,254.33333333333334,96.33333333333333,0.02666666666666667,NA,1.9633333333333334,7.82,40.266666666666666,2.9733333333333336,1.0033333333333334,4.033333333333333,0.07,7.433333333333334,6.233333333333333,NA,51.733333333333334,3.0433333333333334,11.466666666666667,1994-04-01
1994,5,84.98,246.4,111.75,0.026,NA,1.078,8.458,42.46,2.4,0.876,1.94,0.11,8.26,10.7,NA,52.5,2.51,10.2,1994-05-01
1994,6,172.4,256.5,107.2,0.03,NA,0.15,8.5925,95.925,1.53,0.57,1.725,1.3325,11.1,13.925,NA,108.75,2.8625,12.825,1994-06-01
1994,7,164.325,265,89.5,0.07250000000000001,NA,0.1,8.205,147.05,2.295,0.66,16.125,2.38,19.275,17.575,NA,182.45,4.675,35.4,1994-07-01
1994,8,105.76666666666667,265.6666666666667,88.66666666666667,0.02,NA,0.1,8.023333333333333,100.23333333333333,3.1550000000000002,0.8066666666666666,18.433333333333334,2.105,40.233333333333334,16.833333333333332,NA,142.9,5.26,42.666666666666664,1994-08-01
1994,9,58.925,240.375,85.625,0.04,NA,0.1,7.835,70,1.5525,1.2375,13.5,6.0425,10,12.933333333333334,NA,80.875,7.595000000000001,15,1994-09-01
1994,10,13.466666666666667,234.33333333333334,84.16666666666667,0.11,NA,0.15333333333333335,7.916666666666667,25.75,NA,2.2,18.333333333333332,8.306666666666667,18.75,9,NA,63.25,NA,37.5,1994-10-01
1994,11,14.2,216.25,83.5,0.08,NA,0.74,7.9,22,NA,3.1,23,9.285,18.75,8,NA,63.75,NA,41.75,1994-11-01
1994,12,11.3,206.25,88.8,0.11,NA,1.2650000000000001,7.95,38.5,1,2.4000000000000004,33,9.26,8,4.75,NA,58,10.5,37,1994-12-01
1995,1,10.175,197.5,103,0.05500000000000001,NA,2.02,7.96,NA,NA,2.0549999999999997,NA,NA,NA,2.4000000000000004,NA,NA,NA,NA,1995-01-01
1995,2,26.9,226.5,NA,0.02,NA,2.29,7.8,NA,NA,1.53,NA,NA,NA,NA,NA,NA,NA,NA,1995-02-01
1995,3,56.6,221,104,0.02,NA,2.4233333333333333,8.033333333333333,NA,NA,1.0750000000000002,NA,NA,NA,4.533333333333333,NA,NA,NA,NA,1995-03-01
1995,4,28.966666666666665,215,102,0.023333333333333334,NA,2.1566666666666667,8.136666666666667,NA,NA,1.6,NA,NA,NA,7.9,NA,NA,NA,NA,1995-04-01
1995,5,13.719999999999999,225.6,100.66666666666667,0.02,NA,1.3800000000000001,8.01,NA,NA,2.436,NA,NA,NA,12.14,NA,NA,NA,NA,1995-05-01
1995,6,24.85,225.25,94.125,0.02,NA,0.7875,8.475,NA,NA,2.2175000000000002,NA,NA,NA,16.35,NA,NA,NA,NA,1995-06-01
1995,7,49.45,227,86.375,0.0275,NA,0.065,8.8575,NA,NA,1.375,NA,NA,NA,17.175,NA,NA,NA,NA,1995-07-01
1995,8,105.78,232.4,91.2,0.096,NA,0.028,9.236,NA,NA,0.914,NA,NA,NA,19.1,NA,NA,NA,NA,1995-08-01
1995,9,12.533333333333333,243.33333333333334,71.66666666666667,0.34,NA,0.18333333333333335,7.8533333333333335,NA,NA,2.2,NA,NA,NA,14.333333333333334,NA,NA,NA,NA,1995-09-01
1995,10,15,219.5,81.8,0.08,NA,1.04,7.865,NA,NA,3.0999999999999996,NA,NA,NA,12,NA,NA,NA,NA,1995-10-01
1995,11,11,251,87.5,0.025,NA,1.335,7.8100000000000005,NA,NA,2.45,NA,NA,NA,7,NA,NA,NA,NA,1995-11-01
1995,12,7.3,238,NA,0.03,NA,1.68,7.58,NA,NA,NA,NA,NA,NA,4,NA,NA,NA,NA,1995-12-01
1996,1,NA,NA,NA,NA,NA,2.02,NA,NA,NA,NA,NA,NA,NA,NA,NA,NA,NA,NA,1996-01-01
1996,2,NA,NA,NA,NA,NA,NA,NA,NA,NA,NA,NA,NA,NA,NA,NA,NA,NA,NA,1996-02-01
1996,3,69,NA,NA,NA,NA,2.8,NA,NA,NA,1.6,10,2,NA,NA,NA,38,7.4,11,1996-03-01
1996,4,25.5,NA,NA,NA,NA,2.8049999999999997,8,NA,NA,1.9375,2.75,0.47333333333333333,NA,NA,NA,34.25,2.6666666666666665,6.75,1996-04-01
1996,5,10.85,NA,NA,NA,NA,2.1,8.05,NA,NA,2.3,2.5,0.5700000000000001,NA,NA,NA,28,1.165,7.5,1996-05-01
1996,6,11.85,NA,NA,NA,NA,1.4575,8.334999999999999,NA,NA,2.45,6.1125,1.0975,NA,NA,NA,34.65,1.6825,11.7875,1996-06-01
1996,7,30.37,NA,NA,NA,NA,0.34,8.78,NA,NA,1.9220000000000002,4.58,2.582,NA,17.36,NA,36.96,3.358,13.53,1996-07-01
1996,8,42.47,266,91.66666666666667,NA,NA,0.02,8.9475,NA,NA,1.2325,22.7875,1.7,NA,17.65,NA,82.975,3.4175,33.7875,1996-08-01
1996,9,40.075,266,82,NA,NA,0.0425,8.57,NA,NA,1.8075,66.15,1.3166666666666667,NA,16.2,NA,131.9875,2.61,85.5375,1996-09-01
1996,10,27.2,NA,87,NA,NA,0.12333333333333335,7.906666666666667,NA,NA,2.39,41.4,1.025,NA,10.25,NA,107.28333333333333,1.74,69.08333333333334,1996-10-01
1996,11,23.175,NA,NA,NA,NA,0.94,7.9,NA,NA,2.205,22.6,3.75,NA,7,NA,72.275,4.665,40.5,1996-11-01
1996,12,34.150000000000006,280,NA,NA,NA,1.76,7.9,NA,NA,1.9549999999999998,10,4.005,NA,1.85,NA,46.875,5.09,21.174999999999997,1996-12-01
1997,1,36.95,NA,NA,NA,NA,2.2,8,NA,NA,1.94,1.7,1.78,NA,2.8,NA,33.1,3.19,13,1997-01-01
1997,2,67.4,NA,NA,NA,NA,2.3,7.9,NA,NA,1.25,4,0.08,NA,4,NA,57.6,5.16,14.7,1997-02-01
1997,3,33.55,NA,119,NA,NA,NA,NA,NA,NA,1.9,2.95,0.185,NA,6.9,NA,33.099999999999994,1.68,12.25,1997-03-01
1997,4,32.875,262,NA,NA,NA,2.35,8.57,NA,NA,1.46,3.05,0.07500000000000001,NA,9.399999999999999,NA,38.150000000000006,1.615,9.3,1997-04-01
1997,5,35.375,264,96,NA,NA,1.92,8.165,NA,NA,1.295,4.25,0.14,NA,11.149999999999999,NA,38.35,1.79,11.7,1997-05-01
1997,6,30.025,256.25,99.5,NA,NA,1.49,8.9925,NA,NA,1.1,3.1,0.6375,NA,16.599999999999998,NA,45.724999999999994,1.8825,12.225,1997-06-01
1997,7,40.96,255.6,125.2,NA,NA,0.7100000000000001,9.016,NA,NA,1.046,3.7399999999999998,2.652,NA,17.439999999999998,NA,49.36,3.5020000000000002,16.76,1997-07-01
1997,8,52.4625,247,106.5,NA,NA,0.1675,9.2625,NA,NA,0.9625,19.75,4.84,NA,19.3,NA,100.475,5.7524999999999995,40.675,1997-08-01
1997,9,44.26,254,92.75,NA,NA,0.15000000000000002,8.66,NA,NA,1.032,31.74,7.384,NA,14.275,NA,119.24000000000001,8.99,53.56,1997-09-01
1997,10,26.4,259,NA,NA,NA,NA,8.28,NA,NA,1.8,14.6,7.16,NA,13,NA,63.5,9.18,31.6,1997-10-01
1997,11,61.974999999999994,270,NA,NA,NA,0.33,8.3,NA,NA,1.45,3.8499999999999996,0.055,NA,8.2,NA,81,3.56,20.45,1997-11-01
1997,12,49.45,273,NA,NA,NA,1.385,7.91,NA,NA,1.79,2.3,0.08,NA,5.3,NA,47.8,2.95,14.7,1997-12-01
1998,1,48.599999999999994,270,100.5,NA,NA,2.7649999999999997,7.98,NA,NA,1.35,3.9,1.05,NA,3.65,NA,56.5,4.62,16.299999999999997,1998-01-01
1998,2,61.3,290,102.5,NA,NA,3,8.32,NA,NA,1.14,2.6,NA,NA,7.7,NA,46.1,NA,17.2,1998-02-01
1998,3,51.300000000000004,274.5,101,NA,NA,3.0549999999999997,8.52,NA,NA,1.23,3.3,NA,NA,6.566666666666666,NA,46.9,NA,16.633333333333333,1998-03-01
1998,4,50.325,262.3333333333333,97.33333333333333,NA,NA,3.14,8.593333333333334,NA,NA,1.07,5.6,0.013333333333333334,NA,7.625,NA,49.3,2.703333333333333,17.525,1998-04-01
1998,5,21.93333333333333,263,96,NA,NA,2.705,8.383333333333333,NA,NA,1.65,3.6333333333333333,0.10333333333333333,NA,13.033333333333333,NA,32.46666666666667,1.51,15.6,1998-05-01
1998,6,20.36,273.6,99.6,NA,NA,2.205,8.616,NA,NA,1.976,2.7600000000000002,1.226,NA,13.82,NA,28.7,1.764,14.24,1998-06-01
1998,7,39.875,238.25,96.5,NA,NA,0.97,9.2,NA,NA,1.035,3.05,3.0324999999999998,NA,15.825,NA,41.099999999999994,3.7649999999999997,13.05,1998-07-01
1998,8,45.675,241.25,102,NA,NA,NA,9.0525,NA,NA,0.9025,6.75,4.7425,NA,16.225,NA,64.45,5.71,22.200000000000003,1998-08-01
1998,9,36.95,NA,82,NA,NA,NA,8.195,NA,NA,1.03,5.6,3.16,NA,14.95,NA,72.4,4.855,19.05,1998-09-01
1998,10,49.6,259.3333333333333,83,NA,NA,NA,7.855,NA,NA,1.0933333333333333,4.4,3.216666666666667,NA,9.266666666666667,NA,67.03333333333333,5.066666666666666,20.9,1998-10-01
1998,11,52.45,243.5,91.5,NA,NA,NA,7.9350000000000005,NA,NA,0.9299999999999999,5.55,4.35,NA,4.8,NA,79.6,6.595000000000001,24.55,1998-11-01
1998,12,70,244,93,NA,NA,NA,7.83,NA,NA,1.13,2.7,3.3,NA,3.6,NA,73.9,6.59,18.6,1998-12-01
1999,1,77.9,239.5,88.5,NA,NA,1.15,7.98,NA,NA,1.04,4.3,1.39,NA,2.7,NA,69.5,6.13,18.7,1999-01-01
1999,2,77.30000000000001,250.5,97,NA,NA,1.18,8.25,NA,NA,1.05,3.2,0.095,NA,3,NA,56.75,4.24,17.1,1999-02-01
1999,3,68.25,237.66666666666666,93.66666666666667,NA,NA,1.15,8.385,NA,NA,1.02,3.1,0.095,NA,4.85,NA,61.1,2.955,17.35,1999-03-01
1999,4,63.900000000000006,247.75,97.25,NA,NA,1.1133333333333333,8.593333333333334,NA,NA,0.8933333333333333,2.6,0.07666666666666666,NA,9.666666666666666,NA,53.16666666666667,2.7,15.666666666666666,1999-04-01
1999,5,59.95,245.75,101.25,NA,NA,0.6825,8.725,NA,NA,0.8925000000000001,3.25,0.09000000000000001,NA,12.5,NA,52.825,2.7875,14.65,1999-05-01
1999,6,44.02,246.4,92,NA,NA,0.46,8.452,NA,NA,0.9500000000000001,3.66,1.542,NA,14.64,NA,51.519999999999996,3.04,17.86,1999-06-01
1999,7,33.85,247.25,98.75,NA,NA,0.375,8.15,NA,NA,1.555,12,4.095000000000001,NA,18.525,NA,61.825,4.9875,31.325,1999-07-01
1999,8,48.125,244.75,101.75,NA,NA,0.052500000000000005,8.57,NA,NA,1.1575,4.5,3.435,NA,16.575,NA,82.075,4.8325,25.525,1999-08-01
1999,9,35.14,251.6,91.8,NA,NA,0.112,7.784,NA,NA,1.206,3.98,6.518,NA,15.26,NA,79.84,7.478,21.259999999999998,1999-09-01
1999,10,36.86666666666667,254.75,93.25,NA,NA,0.07666666666666667,7.859999999999999,NA,NA,0.9033333333333333,1.6666666666666667,9.213333333333333,NA,9.9,NA,91.96666666666667,9.966666666666667,17.6,1999-10-01
1999,11,38.1,250.5,89,NA,NA,0.2,7.795,NA,NA,0.905,2.05,9.95,NA,7.8500000000000005,NA,107.55000000000001,10.975,17.35,1999-11-01
1999,12,33.15,243,91,NA,NA,0.55,7.74,NA,NA,0.82,3.7,9.879999999999999,NA,4.1,NA,126.15,10.370000000000001,17.049999999999997,1999-12-01
2000,1,NA,NA,NA,NA,NA,NA,NA,NA,NA,NA,NA,NA,NA,NA,NA,NA,NA,NA,2000-01-01
2000,2,26.2,252.5,94,NA,NA,2.27,7.875,NA,NA,1.205,3.35,9.085,NA,3.75,NA,70.7,10.33,18,2000-02-01
2000,3,31.575,246.5,102.5,NA,NA,2.26,7.9125,NA,NA,1.4275,5.125,5.5125,NA,6.825,NA,48.825,8.565,27.200000000000003,2000-03-01
2000,4,24.924999999999997,249.75,100,NA,NA,1.88,7.8774999999999995,NA,NA,1.7625,2.5,1.125,NA,7.1499999999999995,NA,40.4,3.3325,17.325,2000-04-01
2000,5,7.75,252,97.75,NA,NA,1.71,7.8374999999999995,NA,NA,3.4074999999999998,4.475,1.21,NA,14.425,NA,29.55,1.7275,20.35,2000-05-01
2000,6,11.725,254.75,101.5,NA,NA,1.15,8.16,NA,NA,3.1,2.4,2.11,NA,14.85,NA,27.675,2.8175,18.3,2000-06-01
2000,7,37.15,242.75,100.5,NA,NA,0.39,8.965,NA,NA,1.5375,3.4,0.8474999999999999,NA,17.075,NA,46.075,2.79,19.775000000000002,2000-07-01
2000,8,38.02,244.4,82,NA,NA,0.02,8.598,NA,NA,1.294,17.06,1.406,NA,17.62,NA,81.56,3.386,35.34,2000-08-01
2000,9,38.55,260.5,66.5,NA,NA,0.5,7.8549999999999995,NA,NA,1.6,18.9,2.665,NA,14.75,NA,62.5,3.835,37.8,2000-09-01
2000,10,78.55000000000001,237,88,NA,NA,0.34,7.945,NA,NA,1.115,5.65,1.49,NA,9.25,NA,63.800000000000004,6.2,27.549999999999997,2000-10-01
2000,11,88.80000000000001,235,86.5,NA,NA,0.84,8.08,NA,NA,0.9199999999999999,5.9,0.05,NA,5.1,NA,59.75,4.255,28.5,2000-11-01
2000,12,26.55,229,79.5,NA,NA,NA,7.575,NA,NA,1.4449999999999998,19.85,2.005,NA,4.95,NA,65.15,3.805,39.3,2000-12-01
2001,1,25,245,84,NA,NA,2.06,8.01,NA,NA,1.85,10.9,3.73,NA,1.9,NA,53.3,5.02,29.7,2001-01-01
2001,2,44.5,246,83,NA,NA,2.14,8.01,NA,NA,1.2,6.6,3.51,NA,1.9,NA,60.6,5.9,21.6,2001-02-01
2001,3,35.05,262,80,NA,NA,2.1500000000000004,8.195,NA,NA,1.205,6.05,0.1,NA,3.5,NA,53.8,3.2,24.4,2001-03-01
2001,4,25.85,260,88.5,NA,NA,1.9100000000000001,8.129999999999999,NA,NA,1.4300000000000002,4.85,0.14,NA,7.25,NA,49.5,1.67,19.5,2001-04-01
2001,5,6.933333333333334,268,96.66666666666667,NA,NA,1.225,8.133333333333333,NA,NA,3.433333333333333,7.8,1.2033333333333334,NA,14.233333333333333,NA,34.766666666666666,2.083333333333333,23.6,2001-05-01
2001,6,5.6,259.75,100.75,NA,NA,0.6375,8.1875,NA,NA,3.8925,4.15,1.9,NA,14.5,NA,26.4,2.3575,20.525,2001-06-01
2001,7,8.3,245.5,99.5,NA,NA,0.04,8.05,NA,NA,3.185,4.4,2.865,NA,17.35,NA,29.35,3.33,21.9,2001-07-01
2001,8,38.03333333333333,242.33333333333334,95.33333333333333,NA,NA,0.15333333333333335,8.926666666666666,NA,NA,1.4766666666666668,5.2,2.013333333333333,NA,16.633333333333333,NA,54.5,3.7933333333333334,25.166666666666668,2001-08-01
2001,9,46.400000000000006,248,103.5,NA,NA,0.18,8.690000000000001,NA,NA,1.135,6.199999999999999,0.315,NA,14.3,NA,69.6,2.51,26.4,2001-09-01
2001,10,49.75,254.5,97.5,NA,NA,0.43499999999999994,8.18,NA,NA,1.2149999999999999,11.05,1.71,NA,11.100000000000001,NA,70.7,4.984999999999999,28.650000000000002,2001-10-01
2001,11,20.5,237,NA,NA,NA,0.98,8.16,NA,NA,1.8,15.6,3.28,NA,5.3,NA,52,4.9,31.3,2001-11-01
2001,12,30.5,233,NA,NA,NA,1.38,8.01,NA,NA,2.19,8.7,3.09,NA,3.9,NA,45.4,5.21,21.8,2001-12-01
2002,1,69.4,241,100,NA,NA,NA,8.62,NA,NA,1.45,3.7,0.44,NA,2,NA,51.4,4.17,51.4,2002-01-01
2002,2,51.6,215,97.6,NA,NA,NA,8.35,NA,NA,1.09,2.8,0.1,NA,4.7,NA,59.7,4.12,59.7,2002-02-01
2002,3,49.099999999999994,219.5,101,NA,NA,NA,8.379999999999999,NA,NA,1.245,3.25,0.12000000000000001,NA,5.2,NA,42.45,3.125,42.45,2002-03-01
2002,4,21.766666666666666,241.33333333333334,95.69999999999999,NA,NA,NA,8.41,NA,NA,1.6766666666666667,3.2,0.5,NA,8.833333333333334,NA,32.9,1.63,32.9,2002-04-01
2002,5,26.75,252.5,99.45,NA,NA,NA,8.545,NA,NA,1.7600000000000002,2.5,1.4300000000000002,NA,12.600000000000001,NA,42.3,2.165,42.3,2002-05-01
2002,6,39.85,241.5,93.4,NA,NA,NA,8.64,NA,NA,1.155,3.75,2.675,NA,14.65,NA,42.05,3.56,42.05,2002-06-01
2002,7,15.299999999999999,235,86.6,NA,NA,NA,8.3,NA,NA,1.8900000000000001,7.5,3.135,NA,15.850000000000001,NA,44.55,3.7199999999999998,44.55,2002-07-01
2002,8,41.7,238.5,111.5,NA,NA,NA,8.89,NA,NA,1.5899999999999999,6.6,2.62,NA,18.200000000000003,NA,53,4.285,53,2002-08-01
2002,9,45.3,221,106.9,NA,NA,NA,9.02,NA,NA,1.47,7.5,2.58,NA,15.95,NA,46.9,3.47,46.9,2002-09-01
2002,10,28,228.5,99.9,NA,NA,NA,8.07,NA,NA,1.3900000000000001,15.05,3.06,NA,8,NA,50.75,4.305,50.75,2002-10-01
2002,11,40.95,240.5,NA,NA,NA,NA,8.07,NA,NA,1.44,4.65,3.415,NA,5.8,NA,65.5,5.505,65.5,2002-11-01
2002,12,63.3,250,NA,NA,NA,NA,8.3,NA,NA,1.42,1.6,2.26,NA,3.4,NA,52.4,5.8,52.4,2002-12-01
2003,1,NA,NA,NA,NA,NA,NA,NA,NA,NA,NA,NA,NA,NA,NA,NA,NA,NA,NA,2003-01-01
2003,2,NA,NA,NA,NA,NA,NA,NA,NA,NA,NA,NA,NA,NA,NA,NA,NA,NA,NA,2003-02-01
2003,3,34.45,238,NA,NA,NA,1.9666666666666668,8.705,NA,NA,1.455,3.5,0.235,NA,5.2,NA,44.15,2.275,12.7,2003-03-01
2003,4,32,245,NA,NA,NA,0.9099999999999999,8.68,NA,NA,1.335,5.433333333333334,0.5449999999999999,NA,9.700000000000001,NA,43.333333333333336,1.77,13.266666666666666,2003-04-01
2003,5,32.9,247,NA,NA,NA,0.54,8.64,NA,NA,1.335,3.55,0.255,NA,12.15,NA,53.75,1.65,19.35,2003-05-01
2003,6,10.2,244,NA,NA,NA,0.18,8.35,NA,NA,3.17,16.3,1.24,NA,16.5,NA,46.4,1.73,35.5,2003-06-01
2003,7,37,248,NA,NA,NA,0.08,8.809999999999999,NA,NA,1.4300000000000002,16.05,2.525,NA,18.1,NA,75.6,3.6950000000000003,38.55,2003-07-01
2003,8,29.1,229,NA,NA,NA,0.08,8.85,NA,NA,1.07,25.7,1.55,NA,18.3,NA,92.4,2.65,49.8,2003-08-01
2003,9,47.766666666666666,229.33333333333334,NA,NA,NA,0.08,8.386666666666667,NA,NA,1.1133333333333333,22.166666666666668,4.253333333333334,NA,14.533333333333333,NA,93.1,5.826666666666666,44.83333333333333,2003-09-01
2003,10,50.8,242,NA,NA,NA,0.08,8.34,NA,NA,0.9299999999999999,9.25,1.4400000000000002,NA,8.6,NA,100,5.9399999999999995,24.65,2003-10-01
2003,11,41.9,239,NA,NA,NA,NA,8.52,NA,NA,0.86,7.2,0.24,NA,7.4,NA,91.8,4.02,21.1,2003-11-01
2003,12,39.1,238,NA,NA,NA,NA,8.01,NA,NA,1.28,13.7,0.93,NA,4.7,NA,67.3,2.94,22.6,2003-12-01
2004,1,47.35,234,NA,NA,NA,1.4649999999999999,8.16,NA,NA,1.18,5.85,1.665,NA,3.1500000000000004,NA,48.95,3.76,19.55,2004-01-01
2004,2,55.300000000000004,241,NA,NA,NA,1.645,8.425,NA,NA,1.165,4.2,0.27,NA,3.6500000000000004,NA,54.75,3.18,16.7,2004-02-01
2004,3,32.55,266.5,NA,NA,NA,1.625,8.49,NA,NA,1.195,6.4,0.18,NA,4.4,NA,47.2,1.6949999999999998,19.95,2004-03-01
2004,4,25.1,272.5,NA,NA,NA,1.295,8.26,NA,NA,1.41,6.15,0.135,NA,8.15,NA,45.95,1.73,20.4,2004-04-01
2004,5,7.1000000000000005,264.5,NA,NA,NA,1.18,8.335,NA,NA,3.025,7.35,1.1099999999999999,NA,12.95,NA,33.65,1.6099999999999999,23.45,2004-05-01
2004,6,10.2,259,NA,NA,NA,0.96,8.68,NA,NA,3.15,8.6,1.39,NA,16.4,NA,33,1.71,28.3,2004-06-01
2004,7,20.3,232,NA,NA,NA,0.12,9.1,NA,NA,1.97,11.3,1.82,NA,15.6,NA,41.7,3.14,31.9,2004-07-01
2004,8,40,225,NA,NA,NA,0.1,9.11,NA,NA,0.62,44,5.97,NA,19.8,NA,120.2,10.24,65.3,2004-08-01
2004,9,63.25,236,NA,NA,NA,0.08,8.825,NA,NA,0.9,37.75,3.3449999999999998,NA,14.05,NA,111.6,6.715,62.55,2004-09-01
2004,10,135.55,237,NA,NA,NA,0.08,9.094999999999999,NA,NA,0.76,15.25,0.015,NA,9.8,NA,112.3,4.525,36.3,2004-10-01
2004,11,91,235.66666666666666,NA,NA,NA,0.6133333333333334,8.43,NA,NA,1.0166666666666666,9.933333333333334,0.06666666666666667,NA,7,NA,82.73333333333333,3.5366666666666666,26.333333333333332,2004-11-01
2004,12,25.200000000000003,258.5,NA,NA,NA,1.015,7.9799999999999995,NA,NA,1.3399999999999999,28.55,1.3,NA,4.95,NA,83.55000000000001,3.395,43.45,2004-12-01
2005,1,8.9,230,NA,NA,NA,1.75,7.8,NA,NA,1.1,28,4.97,NA,2.7,NA,81,5.99,42.8,2005-01-01
2005,2,28.9,225.5,NA,NA,NA,3.505,8.415,NA,NA,1.19,14.25,4.734999999999999,NA,3.3499999999999996,NA,92.45,6.965,27.6,2005-02-01
2005,3,45.45,227,NA,NA,NA,1.855,8.8,NA,NA,0.935,6.550000000000001,1.135,NA,5.25,NA,59.35,4.925000000000001,22.05,2005-03-01
2005,4,41.7,260,NA,NA,NA,1.375,8.864999999999998,NA,NA,0.915,10.9,0.19999999999999998,NA,7.85,NA,44.900000000000006,2.86,24.35,2005-04-01
2005,5,15.866666666666667,242.5,99.25,NA,NA,1.0133333333333334,8.105,NA,NA,1.8366666666666667,7.8999999999999995,0.4766666666666667,NA,12.433333333333334,NA,50.666666666666664,1.6333333333333333,21.933333333333334,2005-05-01
2005,6,23.35,234.5,100.2,NA,NA,0.685,8.84,NA,NA,1.7999999999999998,8.85,2.25,NA,17.299999999999997,NA,51.95,3.1399999999999997,28.8,2005-06-01
2005,7,38.8,228,119.2,NA,NA,0.32999999999999996,9.14,NA,NA,1.08,12.45,4.975,NA,19.5,NA,89,5.654999999999999,29.25,2005-07-01
2005,8,47.45,236,103.55000000000001,NA,NA,0.22,8.84,NA,NA,0.98,25.65,6.885,NA,16.6,NA,126.3,8.18,42.6,2005-08-01
2005,9,45.650000000000006,241.5,107.15,NA,NA,0.21,8.51,NA,NA,1.07,16.549999999999997,9.125,NA,15.1,NA,106.65,11,29.9,2005-09-01
2005,10,80.3,235.75,96.4,NA,NA,0.135,8.274999999999999,NA,NA,0.85,4.3,4.835,NA,11.25,NA,105.25,10.165,21.55,2005-10-01
2005,11,46.63333333333333,230.33333333333334,92.23333333333333,NA,NA,0.5666666666666667,8.083333333333334,NA,NA,1.4366666666666668,7.833333333333334,3.5366666666666666,NA,6.6,NA,63.96666666666667,6.39,21.6,2005-11-01
2005,12,10.3,230,NA,NA,NA,0.7,8.23,NA,NA,2.03,8.8,4.82,NA,4.2,NA,38.8,6.015000000000001,21.1,2005-12-01
2006,1,30.2,241.5,91.3,NA,NA,1.69,8.44,NA,NA,1.47,4.6,2.25,NA,4.7,NA,42.7,5.32,21.4,2006-01-01
2006,2,20.55,245,93.75,NA,NA,1.885,8.36,NA,NA,1.525,4.25,0.21,NA,3.7,NA,39.85,3.305,20.6,2006-02-01
2006,3,16.7,240.75,97.45,NA,NA,2.19,8.35,NA,NA,0.9850000000000001,5.35,0.345,NA,2.9,NA,41.55,2.395,31.45,2006-03-01
2006,4,28.75,228.5,96,NA,NA,2.01,8.600000000000001,NA,NA,1.11,6.4,0.115,NA,7.050000000000001,NA,47.4,3.02,26,2006-04-01
2006,5,10.5,238.16666666666666,89.7,NA,NA,1.3033333333333335,8.266666666666666,NA,NA,2.966666666666667,7.266666666666667,0.4666666666666667,NA,11.866666666666667,NA,30.566666666666666,1.6833333333333333,19.566666666666666,2006-05-01
2006,6,10.3,230.75,99.45,NA,NA,0.655,8.705,NA,NA,1.87,7.8,1.29,NA,17.299999999999997,NA,32.2,1.8599999999999999,23.6,2006-06-01
2006,7,65,230.5,90.9,NA,NA,0.085,9.4,NA,NA,0.8,16.6,1.275,NA,19.85,NA,86.1,3.15,36.2,2006-07-01
2006,8,55.25,229,77.3,NA,NA,0.01,9.045,NA,NA,1.145,41.75,3.895,NA,18.1,NA,119.1,5.9399999999999995,62,2006-08-01
2006,9,51.900000000000006,248.75,82.95,NA,NA,0.025,8.01,NA,NA,0.98,9.1,3.9250000000000003,NA,15.6,NA,79.85,6.91,24.049999999999997,2006-09-01
2006,10,76.73333333333333,248.66666666666666,96.53333333333333,NA,NA,0.09666666666666668,8.416666666666666,NA,NA,1.06,6.033333333333333,0.6266666666666667,NA,12.533333333333333,NA,68.2,6.65,19.566666666666666,2006-10-01
2006,11,30.1,246,91.1,NA,NA,0.44,8.2,NA,NA,1.3,5.7,0.15,NA,7,NA,46.6,3.25,17.9,2006-11-01
2006,12,22.4,215.5,87.80000000000001,NA,NA,1.47,8.434999999999999,NA,NA,0.91,9.45,3.4299999999999997,NA,4.95,NA,47.1,5.59,17.35,2006-12-01
2007,1,29.6,NA,NA,NA,NA,2.305,NA,NA,NA,NA,10.655000000000001,3.615,NA,NA,NA,34.255,6.845,13.785,2007-01-01
2007,2,30.4,NA,NA,NA,NA,2.08,NA,NA,NA,NA,4.4,0.14,NA,NA,NA,21.695,5.165,12.145,2007-02-01
2007,3,19.3,NA,NA,NA,NA,1.79,NA,NA,NA,NA,3.15,0.265,NA,NA,NA,37.11,4.055,14.22,2007-03-01
2007,4,6.24,NA,NA,NA,NA,1.6,NA,NA,NA,NA,3.9000000000000004,0.53,NA,NA,NA,21.805,2.0949999999999998,14.985,2007-04-01
2007,5,9.266666666666666,NA,NA,NA,NA,0.9433333333333334,NA,NA,NA,NA,4.8100000000000005,0.9733333333333334,NA,NA,NA,18.34,2.1433333333333335,12.023333333333333,2007-05-01
2007,6,15.350000000000001,NA,NA,NA,NA,0.355,NA,NA,NA,NA,2.7300000000000004,1.9649999999999999,NA,NA,NA,22.490000000000002,2.565,10.185,2007-06-01
2007,7,40.2,NA,NA,NA,NA,0.14500000000000002,NA,NA,NA,NA,2.34,1.82,NA,NA,NA,33.345,3.825,8.92,2007-07-01
2007,8,23.9,NA,NA,NA,NA,0.075,NA,NA,NA,NA,3.9050000000000002,3.06,NA,NA,NA,40.879999999999995,4.28,10.875,2007-08-01
2007,9,37,NA,NA,NA,NA,0.015,NA,NA,NA,NA,5.465,7.49,NA,NA,NA,47.385,9.809999999999999,10.415,2007-09-01
2007,10,27.066666666666666,NA,NA,NA,NA,0.09666666666666666,NA,NA,NA,NA,5.5,6.3500000000000005,NA,NA,NA,34.483333333333334,9.733333333333333,11.296666666666667,2007-10-01
2007,11,24,NA,NA,NA,NA,0.49,NA,NA,NA,NA,11.030000000000001,10.19,NA,NA,NA,34.825,12.405000000000001,15.695,2007-11-01
2007,12,27.8,NA,NA,NA,NA,0.99,NA,NA,NA,NA,15.72,9.72,NA,NA,NA,43.39,13.18,15.58,2007-12-01
2008,1,16.97,NA,NA,NA,NA,NA,NA,NA,NA,NA,13.805,8.370000000000001,NA,NA,NA,37.375,8.94,21.34,2008-01-01
2008,2,29.2,NA,NA,NA,NA,NA,NA,NA,NA,NA,7.405,6.335,NA,NA,NA,35.035,8.125,19.65,2008-02-01
2008,3,40.72,NA,NA,NA,NA,NA,NA,NA,NA,NA,2.34,0.86,NA,NA,NA,31.655,5.355,9.895,2008-03-01
2008,4,17.314999999999998,NA,NA,NA,NA,NA,NA,NA,NA,NA,4.046666666666667,0.395,NA,NA,NA,25.115000000000002,1.335,12.276666666666667,2008-04-01
2008,5,9.425,NA,NA,NA,NA,NA,NA,NA,NA,NA,39.1,1.255,NA,NA,NA,22.66,1.77,80.68,2008-05-01
2008,6,5.255,NA,NA,NA,NA,NA,NA,NA,NA,NA,5.79,2.03,NA,NA,NA,24.275,2.27,16.71,2008-06-01
2008,7,8.455,NA,NA,NA,NA,NA,NA,NA,NA,NA,7.755000000000001,2.24,NA,NA,NA,33.230000000000004,2.2699999999999996,21.310000000000002,2008-07-01
2008,8,28.17,NA,NA,NA,NA,NA,NA,NA,NA,NA,6.215,0.605,NA,NA,NA,42.775,2.03,14.31,2008-08-01
2008,9,34.053333333333335,NA,NA,NA,NA,NA,NA,NA,NA,NA,3.37,1.8866666666666667,NA,NA,NA,35.6,3.6300000000000003,16.58,2008-09-01
2008,10,41.225,NA,NA,NA,NA,NA,NA,NA,NA,NA,2.295,0.95,NA,NA,NA,38.015,3.29,12.635,2008-10-01
2008,11,39.519999999999996,NA,NA,NA,NA,NA,NA,NA,NA,NA,41.459999999999994,1.3199999999999998,NA,NA,NA,40.555,4.07,13.62,2008-11-01
2008,12,25.86,NA,NA,NA,NA,NA,NA,NA,NA,NA,8.24,0.3,NA,NA,NA,31.78,3.71,NA,2008-12-01
2009,1,NA,NA,NA,NA,NA,NA,NA,NA,NA,NA,NA,NA,NA,NA,NA,NA,NA,NA,2009-01-01
2009,2,16.48,NA,NA,NA,NA,NA,NA,NA,NA,NA,8.02,0.17,NA,NA,NA,31.98,4.89,NA,2009-02-01
2009,3,16.84,NA,NA,NA,NA,NA,NA,NA,NA,NA,8.030000000000001,0.24333333333333335,NA,NA,NA,31.45,4.466666666666667,NA,2009-03-01
2009,4,14.889999999999999,NA,NA,NA,NA,NA,NA,NA,NA,NA,7.9350000000000005,0.885,NA,NA,NA,30.09,4.805,NA,2009-04-01
2009,5,4.725,NA,NA,NA,NA,NA,NA,NA,NA,NA,9.535,1.785,NA,NA,NA,31.775,5.465,NA,2009-05-01
2009,6,3.4450000000000003,NA,NA,NA,NA,NA,NA,NA,NA,NA,11.385,1.875,NA,NA,NA,21.39,4.91,NA,2009-06-01
2009,7,20.615000000000002,NA,NA,NA,NA,NA,NA,NA,NA,NA,8.215,1.89,NA,NA,NA,28.715,5.24,NA,2009-07-01
2009,8,16.64,NA,NA,NA,NA,NA,NA,NA,NA,NA,9.205,2.51,NA,NA,NA,40.97,6.12,NA,2009-08-01
2009,9,22.723333333333333,NA,NA,NA,NA,NA,NA,NA,NA,NA,8.2,1.3699999999999999,NA,NA,NA,56.85666666666667,5.289999999999999,NA,2009-09-01
2009,10,14.52,NA,NA,NA,NA,NA,NA,NA,NA,NA,7.83,3.905,NA,NA,NA,46.43,6.545,NA,2009-10-01
2009,11,13.39,NA,NA,NA,NA,NA,NA,NA,NA,NA,13.06,5.815,NA,NA,NA,56.489999999999995,8.54,NA,2009-11-01
2009,12,13.094999999999999,NA,NA,NA,NA,NA,NA,NA,NA,NA,15.415000000000001,6.9350000000000005,NA,NA,NA,45.855,8.68,NA,2009-12-01
2010,1,NA,NA,NA,NA,NA,NA,NA,NA,NA,NA,NA,NA,NA,NA,NA,NA,NA,NA,2010-01-01
2010,2,24.34,NA,NA,NA,NA,NA,NA,NA,NA,NA,7.2,5.89,NA,NA,NA,30.53,8.32,NA,2010-02-01
2010,3,40.585,NA,NA,NA,NA,NA,NA,NA,NA,NA,9.225,0.395,NA,NA,NA,71.09,7.3,NA,2010-03-01
2010,4,24.665,NA,NA,NA,NA,NA,NA,NA,NA,NA,6.28,0.355,NA,NA,NA,31.689999999999998,1.495,NA,2010-04-01
2010,5,7.615,NA,NA,NA,NA,NA,NA,NA,NA,NA,6.355,0.73,NA,NA,NA,22.295,1.4300000000000002,NA,2010-05-01
2010,6,4.5,NA,NA,NA,NA,NA,NA,NA,NA,NA,5.63,1.4500000000000002,NA,NA,NA,23.060000000000002,2.035,NA,2010-06-01
2010,7,37.045,NA,NA,NA,NA,NA,NA,NA,NA,NA,NA,1.1400000000000001,NA,NA,NA,NA,2.365,NA,2010-07-01
2010,8,30.293333333333333,NA,NA,NA,NA,NA,NA,NA,NA,NA,3.62,1.16,NA,NA,NA,36.43666666666667,1.92,NA,2010-08-01
2010,9,24.405,NA,NA,NA,NA,NA,NA,NA,NA,NA,5.81,3.02,NA,NA,NA,39.835,3.75,NA,2010-09-01
2010,10,26.08,NA,NA,NA,NA,NA,NA,NA,NA,NA,2.355,3.575,NA,NA,NA,29.22,4.609999999999999,NA,2010-10-01
2010,11,48.5,NA,NA,NA,NA,NA,NA,NA,NA,NA,2.725,2.21,NA,NA,NA,43.175,6.205,NA,2010-11-01
2010,12,NA,NA,NA,NA,NA,NA,NA,NA,NA,NA,NA,NA,NA,NA,NA,NA,NA,NA,2010-12-01
2011,1,11.63,NA,NA,NA,NA,NA,NA,NA,NA,NA,5.52,2.98,NA,NA,NA,46.68,4.09,NA,2011-01-01
2011,2,22.32,NA,NA,NA,NA,NA,NA,NA,NA,NA,3.835,3.115,NA,NA,NA,33.535,5.2,NA,2011-02-01
2011,3,14.53,NA,NA,NA,NA,NA,NA,NA,NA,NA,72.7,0.01,NA,NA,NA,35.44,NA,NA,2011-03-01
2011,4,18.87,NA,NA,NA,NA,NA,NA,NA,NA,NA,1.17,0.425,NA,NA,NA,28.14,1.525,7.35,2011-04-01
2011,5,11.08,NA,NA,NA,NA,NA,NA,NA,NA,NA,3.3133333333333335,0.8866666666666667,NA,NA,NA,30.086666666666666,1.8233333333333333,14.066666666666666,2011-05-01
2011,6,13.305,NA,NA,NA,NA,NA,NA,NA,NA,NA,4.08,1.31,NA,NA,NA,56.364999999999995,1.985,11.52,2011-06-01
2011,7,30.08,NA,NA,NA,NA,NA,NA,NA,NA,NA,4.654999999999999,0.99,NA,NA,NA,26.475,3.08,8.405000000000001,2011-07-01
2011,8,43.375,NA,NA,NA,NA,NA,NA,NA,NA,NA,5.155,0.575,NA,NA,NA,38.21,1.94,9.71,2011-08-01
2011,9,17.86,NA,NA,NA,NA,NA,NA,NA,NA,NA,5.875,1.9,NA,NA,NA,49.43,2.9699999999999998,14.135,2011-09-01
2011,10,24.619999999999997,NA,NA,NA,NA,NA,NA,NA,NA,NA,8.46,3.01,NA,NA,NA,62.61,6.215,6.875,2011-10-01
2011,11,33.75,NA,NA,NA,NA,NA,NA,NA,NA,NA,6.52,2.455,NA,NA,NA,59.69,6.175,7.210000000000001,2011-11-01
2011,12,19.43,NA,NA,NA,NA,NA,NA,NA,NA,NA,5.39,3.2,NA,NA,NA,60.15,5.49,11.28,2011-12-01
2012,1,15.766666666666667,NA,NA,NA,NA,NA,NA,NA,NA,NA,5.87,4.413333333333333,NA,NA,NA,60.13333333333333,5.366666666666666,10.123333333333333,2012-01-01
2012,2,26.975,NA,NA,NA,NA,NA,NA,NA,NA,NA,6.52,2.205,NA,NA,NA,34.37,3.59,4.98,2012-02-01
2012,3,13.42,NA,NA,NA,NA,NA,NA,NA,NA,NA,5.71,0.41,NA,NA,NA,31.62,0.38,7.02,2012-03-01
2012,4,12.42,NA,NA,NA,NA,NA,NA,NA,NA,NA,1.02,0.61,NA,NA,NA,40.58,0.98,8.65,2012-04-01
2012,5,6.3933333333333335,NA,NA,NA,NA,NA,NA,NA,NA,NA,4.433333333333334,1.04,NA,NA,NA,28.696666666666665,0.84,11.916666666666666,2012-05-01
2012,6,16.69,NA,NA,NA,NA,NA,NA,NA,NA,NA,3.97,2.1,NA,NA,NA,29.13,2.15,8.89,2012-06-01
2012,7,23.189999999999998,NA,NA,NA,NA,NA,NA,NA,NA,NA,4.335,2.4299999999999997,NA,NA,NA,31.53,2.8600000000000003,10.27,2012-07-01
2012,8,28.025000000000002,NA,NA,NA,NA,NA,NA,NA,NA,NA,3.085,1.25,NA,NA,NA,32.61,1.555,8.93,2012-08-01
2012,9,44.805,NA,NA,NA,NA,NA,NA,NA,NA,NA,5.16,0.45,NA,NA,NA,42.97,1.585,14.065,2012-09-01
2012,10,42.79,NA,NA,NA,NA,NA,NA,NA,NA,NA,4.315,1.48,NA,NA,NA,38.269999999999996,1.4100000000000001,10.91,2012-10-01
2012,11,36.66,NA,NA,NA,NA,NA,NA,NA,NA,NA,5.006666666666667,0.5566666666666666,NA,NA,NA,36.79666666666667,2.8533333333333335,13.316666666666666,2012-11-01
2012,12,39.02,NA,NA,NA,NA,NA,NA,NA,NA,NA,24.07,2.46,NA,NA,NA,44.05,4.82,NA,2012-12-01
2013,1,42,NA,NA,NA,NA,NA,NA,NA,NA,NA,16.575,2.08,NA,NA,NA,42.974999999999994,5.53,NA,2013-01-01
2013,2,27.654999999999998,NA,NA,NA,NA,NA,NA,NA,NA,NA,20.285,0.425,NA,NA,NA,46.225,3.595,NA,2013-02-01
2013,3,20.895,NA,NA,NA,NA,NA,NA,NA,NA,NA,10.245000000000001,0.68,NA,NA,NA,32.45,0.85,8.37,2013-03-01
2013,4,12.776666666666667,NA,NA,NA,NA,NA,NA,NA,NA,NA,9.913333333333334,1.1133333333333333,NA,NA,NA,28.233333333333334,1.7233333333333334,8.756666666666668,2013-04-01
2013,5,12.504999999999999,NA,NA,NA,NA,NA,NA,NA,NA,NA,8.184999999999999,0.97,NA,NA,NA,26.85,1.325,12.344999999999999,2013-05-01
2013,6,36.239999999999995,NA,NA,NA,NA,NA,NA,NA,NA,NA,7.55,1.98,NA,NA,NA,61.67,2.99,14.735,2013-06-01
2013,7,55.754999999999995,NA,NA,NA,NA,NA,NA,NA,NA,NA,4.95,0.575,NA,NA,NA,77.15,2.785,13.495000000000001,2013-07-01
2013,8,60.09,NA,NA,NA,NA,NA,NA,NA,NA,NA,8.79,1.435,NA,NA,NA,75.81,3.8150000000000004,12.16,2013-08-01
2013,9,34.635000000000005,NA,NA,NA,NA,NA,NA,NA,NA,NA,4.075,0.51,NA,NA,NA,66.10499999999999,4.06,12.58,2013-09-01
2013,10,36.193333333333335,NA,NA,NA,NA,NA,NA,NA,NA,NA,7.62,NA,NA,NA,NA,55.24666666666667,NA,13.15,2013-10-01
2014,1,7.62,NA,NA,NA,NA,NA,NA,NA,NA,NA,NA,NA,NA,NA,NA,NA,NA,NA,2014-01-01
2014,2,19.21,NA,NA,NA,NA,NA,NA,NA,NA,NA,7.04,NA,NA,NA,NA,33.57,NA,13.65,2014-02-01
2014,3,14.735,NA,NA,NA,NA,NA,NA,NA,NA,NA,1.79,NA,NA,NA,NA,26.895,NA,8.135,2014-03-01
2014,4,13.04,NA,NA,NA,NA,NA,NA,NA,NA,NA,1.9733333333333334,NA,NA,NA,NA,22.990000000000002,NA,7.736666666666667,2014-04-01
2014,5,10.33,NA,NA,NA,NA,NA,NA,NA,NA,NA,1.56,NA,NA,NA,NA,20.5,NA,9.71,2014-05-01
2014,6,6.62,NA,NA,NA,NA,NA,NA,NA,NA,NA,1.7399999999999998,NA,NA,NA,NA,22.195,NA,12.280000000000001,2014-06-01
2014,7,19.68,NA,NA,NA,NA,NA,NA,NA,NA,NA,2.4349999999999996,NA,NA,NA,NA,31.98,NA,11.399999999999999,2014-07-01
2014,8,28.515,NA,NA,NA,NA,NA,NA,NA,NA,NA,5.215,NA,NA,NA,NA,62.265,NA,16.355,2014-08-01
2014,9,26.939999999999998,NA,NA,NA,NA,NA,NA,NA,NA,NA,3.255,NA,NA,NA,NA,55.605,NA,12.805,2014-09-01
2014,10,36.8,NA,NA,NA,NA,NA,NA,NA,NA,NA,3.5766666666666667,NA,NA,NA,NA,66.39333333333333,NA,12.693333333333333,2014-10-01
2014,11,28.534999999999997,NA,NA,NA,NA,NA,NA,NA,NA,NA,4.88,NA,NA,NA,NA,41.595,NA,11.34,2014-11-01
2014,12,8.95,NA,NA,NA,NA,NA,NA,NA,NA,NA,5.57,NA,NA,NA,NA,28.06,NA,15.63,2014-12-01
2015,1,6.78,NA,NA,NA,NA,NA,NA,NA,NA,NA,8.73,NA,NA,NA,NA,31.36,NA,16.02,2015-01-01
2015,2,43.57,NA,NA,NA,NA,NA,NA,NA,NA,NA,2.26,NA,NA,NA,NA,34.32,NA,10.08,2015-02-01
2015,3,28.24,NA,NA,NA,NA,NA,NA,NA,NA,NA,2.29,NA,NA,NA,NA,39.72666666666667,NA,9.616666666666667,2015-03-01
2015,4,8.594999999999999,NA,NA,NA,NA,NA,NA,NA,NA,NA,4.715,NA,NA,NA,NA,23.700000000000003,NA,7.785,2015-04-01
2015,5,5.845,NA,NA,NA,NA,NA,NA,NA,NA,NA,15.594999999999999,NA,NA,NA,NA,21.189999999999998,NA,12.515,2015-05-01
2015,6,7.17,NA,NA,NA,NA,NA,NA,NA,NA,NA,14.45,NA,NA,NA,NA,24.72,NA,11.65,2015-06-01
2015,7,13.045,NA,NA,NA,NA,NA,NA,NA,NA,NA,11.780000000000001,NA,NA,NA,NA,24.7,NA,12.260000000000002,2015-07-01
2015,8,30.025,NA,NA,NA,NA,NA,NA,NA,NA,NA,4.325,NA,NA,NA,NA,46.015,NA,10.934999999999999,2015-08-01
2015,9,39.86333333333334,NA,NA,NA,NA,NA,NA,NA,NA,NA,4.506666666666667,NA,NA,NA,NA,38.516666666666666,NA,11.2,2015-09-01
2015,10,27.455,NA,NA,NA,NA,NA,NA,NA,NA,NA,8.47,NA,NA,NA,NA,45.43,NA,14.645,2015-10-01
2015,11,2.705,NA,NA,NA,NA,NA,NA,NA,NA,NA,30.42,NA,NA,NA,NA,68.675,NA,35.08,2015-11-01
2015,12,2.17,NA,NA,NA,NA,NA,NA,NA,NA,NA,33.33,NA,NA,NA,NA,47.64,NA,35.01,2015-12-01
2016,1,0.81,NA,NA,NA,NA,NA,NA,NA,NA,NA,34.84,NA,NA,NA,NA,39.39,NA,33.85,2016-01-01
2016,2,2.26,NA,NA,NA,NA,NA,NA,NA,NA,NA,27.89,NA,NA,NA,NA,40.29,NA,29.91,2016-02-01
2016,3,26.8,NA,NA,NA,NA,NA,NA,NA,NA,NA,9.41,NA,NA,NA,NA,39.06,NA,16.043333333333333,2016-03-01
2016,4,10.29,NA,NA,NA,NA,NA,NA,NA,NA,NA,2.995,NA,NA,NA,NA,21.595,NA,9.68,2016-04-01
2016,5,4.48,NA,NA,NA,NA,NA,NA,NA,NA,NA,4.235,NA,NA,NA,NA,15.445,NA,10.035,2016-05-01
2016,6,8.495,NA,NA,NA,NA,NA,NA,NA,NA,NA,6.82,NA,NA,NA,NA,24.975,NA,14.205,2016-06-01
2016,7,16.86,NA,NA,NA,NA,NA,NA,NA,NA,NA,10.17,NA,NA,NA,NA,41.53333333333333,NA,16.616666666666667,2016-07-01
2016,8,21.695,NA,NA,NA,NA,NA,NA,NA,NA,NA,16.575,NA,NA,NA,NA,79.095,NA,25.11,2016-08-01
2016,9,42.045,NA,NA,NA,NA,NA,NA,NA,NA,NA,6.29,NA,NA,NA,NA,85.74,NA,14.04,2016-09-01
2016,10,21.490000000000002,NA,NA,NA,NA,NA,NA,NA,NA,NA,14.87,NA,NA,NA,NA,57.265,NA,14.02,2016-10-01
2016,11,21.07,NA,NA,NA,NA,NA,NA,NA,NA,NA,5.72,NA,NA,NA,NA,45.035,NA,14.5,2016-11-01
2016,12,12.045,NA,NA,NA,NA,NA,NA,NA,NA,NA,11.254999999999999,NA,NA,NA,NA,33.905,NA,17.49,2016-12-01
2017,1,NA,NA,NA,NA,NA,NA,NA,NA,NA,NA,23.363333333333333,NA,NA,NA,NA,45.089999999999996,NA,24.25,2017-01-01
2017,2,NA,NA,NA,NA,NA,NA,NA,NA,NA,NA,4.51,NA,NA,NA,NA,42.19,NA,13.94,2017-02-01
2017,3,NA,NA,NA,NA,NA,NA,NA,NA,NA,NA,14.31,NA,NA,NA,NA,28.29,NA,14.67,2017-03-01
2017,4,NA,NA,NA,NA,NA,NA,NA,NA,NA,NA,10.245000000000001,NA,NA,NA,NA,33.83,NA,14.925,2017-04-01
2017,5,NA,NA,NA,NA,NA,NA,NA,NA,NA,NA,20.265,NA,NA,NA,NA,30.634999999999998,NA,23.715,2017-05-01
2017,6,6.125,NA,NA,NA,NA,NA,NA,NA,NA,NA,15,NA,NA,NA,NA,36.4,NA,27.325000000000003,2017-06-01
2017,7,18.845,NA,NA,NA,NA,NA,NA,NA,NA,NA,14.5,NA,NA,NA,NA,40.875,NA,26.475,2017-07-01
2017,8,44.596666666666664,NA,NA,NA,NA,NA,NA,NA,NA,NA,13.333333333333334,NA,NA,NA,NA,71.45,NA,22.466666666666665,2017-08-01
2017,9,33.735,NA,NA,NA,NA,NA,NA,NA,NA,NA,16.25,NA,NA,NA,NA,52.6,NA,16.1,2017-09-01
2017,10,47.3,NA,NA,NA,NA,NA,NA,NA,NA,NA,16.25,NA,NA,NA,NA,46.974999999999994,NA,16.8,2017-10-01
2017,11,25.64,NA,NA,NA,NA,NA,NA,NA,NA,NA,15.5,NA,NA,NA,NA,35.599999999999994,NA,16.6,2017-11-01
2017,12,15.88,NA,NA,NA,NA,NA,NA,NA,NA,NA,15,NA,NA,NA,NA,30.6,NA,15.75,2017-12-01
2018,1,40,NA,NA,NA,NA,NA,NA,NA,NA,NA,16.25,NA,NA,NA,NA,46.7,NA,19.275,2018-01-01
2018,2,22.96,NA,NA,NA,NA,NA,NA,NA,NA,NA,12.5,NA,NA,NA,NA,34.1,NA,16.3,2018-02-01
2018,3,21.25,NA,NA,NA,NA,NA,NA,NA,NA,NA,14.25,NA,NA,NA,NA,36.975,NA,17.825,2018-03-01
2018,4,19.225,NA,NA,NA,NA,NA,NA,NA,NA,NA,12.75,NA,NA,NA,NA,34.425,NA,17.475,2018-04-01
2018,5,12.165000000000001,NA,NA,NA,NA,NA,NA,NA,NA,NA,14.5,NA,NA,NA,NA,33.275,NA,19.55,2018-05-01
2018,6,11.7,NA,NA,NA,NA,NA,NA,NA,NA,NA,18.25,NA,NA,NA,NA,27.5,NA,21.799999999999997,2018-06-01
2018,7,51.31666666666666,NA,NA,NA,NA,NA,NA,NA,NA,NA,27.833333333333332,NA,NA,NA,NA,72.73333333333333,NA,26,2018-07-01
2018,8,52.195,NA,NA,NA,NA,NA,NA,NA,NA,NA,23.75,NA,NA,NA,NA,91.225,NA,23.25,2018-08-01
2018,9,40.89,NA,NA,NA,NA,NA,NA,NA,NA,NA,15.5,NA,NA,NA,NA,57.3,NA,19.825,2018-09-01
2018,10,39.78,NA,NA,NA,NA,NA,NA,NA,NA,NA,14,NA,NA,NA,NA,38.6,NA,18.4,2018-10-01
2018,11,24.2,NA,NA,NA,NA,NA,NA,NA,NA,NA,13.5,NA,NA,NA,NA,36.15,NA,17.25,2018-11-01
2018,12,34.839999999999996,NA,NA,NA,NA,NA,NA,NA,NA,NA,14.25,NA,NA,NA,NA,32.425,NA,15.75,2018-12-01
2019,1,23.173333333333332,NA,NA,NA,NA,NA,NA,NA,NA,NA,13.11,NA,NA,NA,NA,45.38333333333333,NA,19.666666666666668,2019-01-01
2019,2,16.96,NA,NA,NA,NA,NA,NA,NA,NA,NA,12.75,NA,NA,NA,NA,33.875,NA,21.799999999999997,2019-02-01
2019,3,16.755000000000003,NA,NA,NA,NA,NA,NA,NA,NA,NA,14.665,NA,NA,NA,NA,35.175,NA,23,2019-03-01
2019,4,14.57,NA,NA,NA,NA,NA,NA,NA,NA,NA,15.085,NA,NA,NA,NA,30.26,NA,22.025,2019-04-01
2019,5,7.21,NA,NA,NA,NA,NA,NA,NA,NA,NA,20.415,NA,NA,NA,NA,41.16,NA,27.25,2019-05-01
2019,6,6.695,NA,NA,NA,NA,NA,NA,NA,NA,NA,20.92,NA,NA,NA,NA,35.375,NA,31.700000000000003,2019-06-01
2019,7,34.225,NA,NA,NA,NA,NA,NA,NA,NA,NA,22.165,NA,NA,NA,NA,50.8,NA,35.9,2019-07-01
2019,8,37.196666666666665,NA,NA,NA,NA,NA,NA,NA,NA,NA,41.61,NA,NA,NA,NA,70.56333333333333,NA,46.9,2019-08-01
2019,9,57.754999999999995,NA,NA,NA,NA,NA,NA,NA,NA,NA,47.33,NA,NA,NA,NA,78.765,NA,49.375,2019-09-01
2019,10,56.29,NA,NA,NA,NA,NA,NA,NA,NA,NA,29.83,NA,NA,NA,NA,57.55,NA,45.5,2019-10-01
2019,11,57.18,NA,NA,NA,NA,NA,NA,NA,NA,NA,20,NA,NA,NA,NA,53.78,NA,25.6,2019-11-01
2019,12,24.705,NA,NA,NA,NA,NA,NA,NA,NA,NA,17,NA,NA,NA,NA,40.225,NA,23.45,2019-12-01
2020,1,NA,NA,NA,NA,NA,NA,NA,NA,NA,NA,NA,NA,NA,NA,NA,NA,NA,NA,2020-01-01
2020,2,28.71,NA,NA,NA,NA,NA,NA,NA,NA,NA,15,NA,NA,NA,NA,37.15,NA,27.7,2020-02-01
2020,3,28.535,NA,NA,NA,NA,NA,NA,NA,NA,NA,12,NA,NA,NA,NA,38.275,NA,33.325,2020-03-01
2020,6,16.63,NA,NA,NA,NA,NA,NA,NA,NA,NA,22,NA,NA,NA,NA,52.35,NA,35.3,2020-06-01
2020,7,27.22,NA,NA,NA,NA,NA,NA,NA,NA,NA,15.5,NA,NA,NA,NA,51.05,NA,27.975,2020-07-01
2020,8,41.155,NA,NA,NA,NA,NA,NA,NA,NA,NA,15.25,NA,NA,NA,NA,55.45,NA,31.775,2020-08-01
2020,9,28.18,NA,NA,NA,NA,NA,NA,NA,NA,NA,26.833333333333332,NA,NA,NA,NA,54.65,NA,26.1,2020-09-01
2020,10,51.94,NA,NA,NA,NA,NA,NA,NA,NA,NA,23.5,NA,NA,NA,NA,46.075,NA,26.45,2020-10-01
2020,11,47.07,NA,NA,NA,NA,NA,NA,NA,NA,NA,9.25,NA,NA,NA,NA,26.85,NA,12.3,2020-11-01
2020,12,19.53,NA,NA,NA,NA,NA,NA,NA,NA,NA,20.5,NA,NA,NA,NA,36.925,NA,21.55,2020-12-01
2021,1,NA,NA,NA,NA,NA,NA,NA,NA,NA,NA,NA,NA,NA,NA,NA,NA,NA,NA,2021-01-01
2021,2,NA,NA,NA,NA,NA,NA,NA,NA,NA,NA,NA,NA,NA,NA,NA,NA,NA,NA,2021-02-01
2021,3,17.743333333333332,NA,NA,NA,NA,NA,NA,NA,NA,NA,22.5,NA,NA,NA,NA,41.6,NA,25.566666666666666,2021-03-01
2021,4,26.51,NA,NA,NA,NA,NA,NA,NA,NA,NA,18.5,NA,NA,NA,NA,23.95,NA,9.25,2021-04-01
2021,5,2.83,NA,NA,NA,NA,NA,NA,NA,NA,NA,14.75,NA,NA,NA,NA,24.6,NA,15.575000000000001,2021-05-01
2021,6,4.085,NA,NA,NA,NA,NA,NA,NA,NA,NA,2,NA,NA,NA,NA,19.25,NA,11.425,2021-06-01
2021,7,14.265,NA,NA,NA,NA,NA,NA,NA,NA,NA,3.75,NA,NA,NA,NA,29.775,NA,14.45,2021-07-01
2021,8,40.53,NA,NA,NA,NA,NA,NA,NA,NA,NA,3.6666666666666665,NA,NA,NA,NA,49.85,NA,14.816666666666666,2021-08-01
2021,9,68.41,NA,NA,NA,NA,NA,NA,NA,NA,NA,3.25,NA,NA,NA,NA,58.4,NA,16.725,2021-09-01
2021,10,23.205,NA,NA,NA,NA,NA,NA,NA,NA,NA,3.5,NA,NA,NA,NA,46.275,NA,14.425,2021-10-01
2021,11,11.85,NA,NA,NA,NA,NA,NA,NA,NA,NA,7,NA,NA,NA,NA,40.2,NA,15.4,2021-11-01
2021,12,NA,NA,NA,NA,NA,NA,NA,NA,NA,NA,NA,NA,NA,NA,NA,NA,NA,NA,2021-12-01
2022,1,5.18,NA,NA,NA,NA,NA,NA,NA,NA,NA,11,NA,NA,NA,NA,29.7,NA,18.15,2022-01-01
2022,2,NA,NA,NA,NA,NA,NA,NA,NA,NA,NA,NA,NA,NA,NA,NA,NA,NA,NA,2022-02-01
2022,3,23.22,NA,NA,NA,NA,NA,NA,NA,NA,NA,3,NA,NA,NA,NA,19.7,NA,6.15,2022-03-01
2022,4,15.34,NA,NA,NA,NA,NA,NA,NA,NA,NA,3.5,NA,NA,NA,NA,28.85,NA,4.7,2022-04-01
2022,5,44.61333333333333,NA,NA,NA,NA,NA,NA,NA,NA,NA,3.1666666666666665,NA,NA,NA,NA,32.8,NA,5.266666666666667,2022-05-01
2022,6,47.614999999999995,NA,NA,NA,NA,NA,NA,NA,NA,NA,4,NA,NA,NA,NA,48.474999999999994,NA,36.375,2022-06-01
2022,7,52.67,NA,NA,NA,NA,NA,NA,NA,NA,NA,3.75,NA,NA,NA,NA,75.25,NA,11.925,2022-07-01
2022,8,36.709999999999994,NA,NA,NA,NA,NA,NA,NA,NA,NA,6.25,NA,NA,NA,NA,71.1,NA,22.75,2022-08-01
2022,9,30.73,NA,NA,NA,NA,NA,NA,NA,NA,NA,14.5,NA,NA,NA,NA,73.45,NA,30.25,2022-09-01
2022,10,60.45,NA,NA,NA,NA,NA,NA,NA,NA,NA,4,NA,NA,NA,NA,87.2,NA,17.7,2022-10-01
2022,11,43.38,NA,NA,NA,NA,NA,NA,NA,NA,NA,6.5,NA,NA,NA,NA,79,NA,21.05,2022-11-01
2022,12,NA,NA,NA,NA,NA,NA,NA,NA,NA,NA,NA,NA,NA,NA,NA,NA,NA,NA,2022-12-01
2023,1,12.530000000000001,NA,NA,NA,NA,NA,NA,NA,NA,NA,17.25,NA,NA,NA,NA,46.75,NA,26.2,2023-01-01
2023,2,27.990000000000002,NA,NA,NA,NA,NA,NA,NA,NA,NA,6.25,NA,NA,NA,NA,40.425,NA,12.325,2023-02-01
2023,3,30.055,NA,NA,NA,NA,NA,NA,NA,NA,NA,3.25,NA,NA,NA,NA,30.700000000000003,NA,9.625,2023-03-01
2023,4,11.54,NA,NA,NA,NA,NA,NA,NA,NA,NA,2.75,NA,NA,NA,NA,21.125,NA,17.55,2023-04-01
2023,5,5.506666666666667,NA,NA,NA,NA,NA,NA,NA,NA,NA,3.3333333333333335,NA,NA,NA,NA,20.383333333333333,NA,12.333333333333334,2023-05-01
2023,6,12.74,NA,NA,NA,NA,NA,NA,NA,NA,NA,6.5,NA,NA,NA,NA,29.325,NA,16.925,2023-06-01
2023,7,17.325000000000003,NA,NA,NA,NA,NA,NA,NA,NA,NA,4.75,NA,NA,NA,NA,34.325,NA,11.8,2023-07-01
2023,8,24.035,NA,NA,NA,NA,NA,NA,NA,NA,NA,6.25,NA,NA,NA,NA,47.8,NA,15.075000000000001,2023-08-01
2023,9,18.885,NA,NA,NA,NA,NA,NA,NA,NA,NA,5.25,NA,NA,NA,NA,55.85,NA,12.05,2023-09-01
2023,10,5.86,NA,NA,NA,NA,NA,NA,NA,NA,NA,5.5,NA,NA,NA,NA,36.525,NA,11,2023-10-01
2023,11,5.585,NA,NA,NA,NA,NA,NA,NA,NA,NA,4.75,NA,NA,NA,NA,27.625,NA,11.275,2023-11-01
2023,12,4.35,NA,NA,NA,NA,NA,NA,NA,NA,NA,9,NA,NA,NA,NA,19.85,NA,15.3,2023-12-01
